<?xml version="1.0" encoding="utf-8" ?> 
<body copyright="All data copyright San Francisco Muni 2016.">
<vehicle id="1454" routeTag="M" dirTag="M____I_F00" lat="37.7389" lon="-122.46796" secsSinceReport="107" predictable="true" heading="43" speedKmHr="31" leadingVehicleId="1497"/>
<vehicle id="1411" routeTag="M" dirTag="M____I_F00" lat="37.73406" lon="-122.47209" secsSinceReport="57" predictable="true" heading="32" speedKmHr="0"/>
<vehicle id="1516" routeTag="M" lat="37.72298" lon="-122.44518" secsSinceReport="65" predictable="false" heading="269" speedKmHr="7"/>
<vehicle id="1468" routeTag="M" dirTag="M____I_F00" lat="37.72023" lon="-122.44607" secsSinceReport="43" predictable="true" heading="218" speedKmHr="0"/>
<vehicle id="1479" routeTag="M" dirTag="M____I_F00" lat="37.75545" lon="-122.44846" secsSinceReport="4" predictable="true" heading="60" speedKmHr="0" leadingVehicleId="1407"/>
<vehicle id="1466" routeTag="M" dirTag="M____O_F00" lat="37.71428" lon="-122.46386" secsSinceReport="73" predictable="true" heading="90" speedKmHr="7"/>
<vehicle id="1438" routeTag="M" dirTag="M____I_F00" lat="37.73425" lon="-122.47196" secsSinceReport="88" predictable="true" heading="32" speedKmHr="0" leadingVehicleId="1411"/>
<vehicle id="1489" routeTag="M" lat="37.72296" lon="-122.44512" secsSinceReport="60" predictable="false" heading="277" speedKmHr="11" leadingVehicleId="1516"/>
<vehicle id="1501" routeTag="M" dirTag="M____I_F00" lat="37.73833" lon="-122.46868" secsSinceReport="170" predictable="true" heading="43" speedKmHr="25"/>
<vehicle id="1465" routeTag="M" dirTag="M____I_F00" lat="37.71974" lon="-122.44631" secsSinceReport="22" predictable="true" heading="218" speedKmHr="0"/>
<vehicle id="1484" routeTag="M" dirTag="M____I_F00" lat="37.7306" lon="-122.47461" secsSinceReport="38" predictable="true" heading="218" speedKmHr="0"/>
<vehicle id="1469" routeTag="M" lat="37.72206" lon="-122.44678" secsSinceReport="89" predictable="false" heading="-4" speedKmHr="0"/>
<vehicle id="1545" routeTag="M" dirTag="M____I_F00" lat="37.7199" lon="-122.44632" secsSinceReport="73" predictable="true" heading="218" speedKmHr="0" leadingVehicleId="1441"/>
<vehicle id="1448" routeTag="M" dirTag="M____I_F00" lat="37.7143" lon="-122.46485" secsSinceReport="21" predictable="true" heading="269" speedKmHr="18"/>
<vehicle id="1441" routeTag="M" dirTag="M____I_F00" lat="37.7201499" lon="-122.44603" secsSinceReport="86" predictable="true" heading="218" speedKmHr="0"/>
<vehicle id="1407" routeTag="M" dirTag="M____I_F00" lat="37.75545" lon="-122.44846" secsSinceReport="4" predictable="true" heading="60" speedKmHr="0"/>
<vehicle id="1456" routeTag="M" dirTag="M____I_F00" lat="37.72001" lon="-122.44608" secsSinceReport="25" predictable="true" heading="218" speedKmHr="0" leadingVehicleId="1468"/>
<vehicle id="1440" routeTag="M" dirTag="M____I_F00" lat="37.7143" lon="-122.46375" secsSinceReport="29" predictable="true" heading="269" speedKmHr="33" leadingVehicleId="1448"/>
<vehicle id="1497" routeTag="M" dirTag="M____I_F00" lat="37.74035" lon="-122.4663" secsSinceReport="12" predictable="true" heading="37" speedKmHr="7"/>
<vehicle id="1464" routeTag="M" dirTag="M____O_F00" lat="37.71428" lon="-122.46311" secsSinceReport="10" predictable="true" heading="88" speedKmHr="16" leadingVehicleId="1466"/>
<vehicle id="1462" routeTag="M" dirTag="M____I_F00" lat="37.7196" lon="-122.44645" secsSinceReport="80" predictable="true" heading="218" speedKmHr="0" leadingVehicleId="1465"/>
<lastTime time="1465504761138"/>
</body>
