<?xml version="1.0" encoding="utf-8" ?> 
<body copyright="All data copyright San Francisco Muni 2016.">
<vehicle id="1454" routeTag="M" dirTag="M____I_F00" lat="37.7389" lon="-122.46796" secsSinceReport="47" predictable="true" heading="43" speedKmHr="31" leadingVehicleId="1497"/>
<vehicle id="1411" routeTag="M" dirTag="M____I_F00" lat="37.73405" lon="-122.47209" secsSinceReport="88" predictable="true" heading="32" speedKmHr="0"/>
<vehicle id="1516" routeTag="M" lat="37.72298" lon="-122.44518" secsSinceReport="6" predictable="false" heading="269" speedKmHr="7"/>
<vehicle id="1468" routeTag="M" dirTag="M____I_F00" lat="37.72018" lon="-122.44608" secsSinceReport="73" predictable="true" heading="218" speedKmHr="0"/>
<vehicle id="1479" routeTag="M" dirTag="M____I_F00" lat="37.7494" lon="-122.45772" secsSinceReport="1" predictable="true" heading="34" speedKmHr="0" leadingVehicleId="1407"/>
<vehicle id="1466" routeTag="M" dirTag="M____O_F00" lat="37.71428" lon="-122.46386" secsSinceReport="14" predictable="true" heading="90" speedKmHr="7"/>
<vehicle id="1438" routeTag="M" dirTag="M____I_F00" lat="37.73425" lon="-122.47196" secsSinceReport="28" predictable="true" heading="32" speedKmHr="0" leadingVehicleId="1411"/>
<vehicle id="1489" routeTag="M" lat="37.72296" lon="-122.44512" secsSinceReport="1" predictable="false" heading="277" speedKmHr="11" leadingVehicleId="1516"/>
<vehicle id="1501" routeTag="M" dirTag="M____I_F00" lat="37.73833" lon="-122.46868" secsSinceReport="110" predictable="true" heading="43" speedKmHr="25"/>
<vehicle id="1465" routeTag="M" dirTag="M____I_F00" lat="37.7197699" lon="-122.44633" secsSinceReport="22" predictable="true" heading="218" speedKmHr="0"/>
<vehicle id="1484" routeTag="M" dirTag="M____I_F00" lat="37.7288" lon="-122.47482" secsSinceReport="22" predictable="true" heading="2" speedKmHr="24"/>
<vehicle id="1469" routeTag="M" lat="37.72206" lon="-122.44678" secsSinceReport="30" predictable="false" heading="-4" speedKmHr="0"/>
<vehicle id="1545" routeTag="M" dirTag="M____I_F00" lat="37.7199" lon="-122.44632" secsSinceReport="14" predictable="true" heading="218" speedKmHr="0" leadingVehicleId="1441"/>
<vehicle id="1448" routeTag="M" dirTag="M____I_F00" lat="37.71416" lon="-122.46269" secsSinceReport="11" predictable="true" heading="344" speedKmHr="9"/>
<vehicle id="1441" routeTag="M" dirTag="M____I_F00" lat="37.7201499" lon="-122.44603" secsSinceReport="27" predictable="true" heading="218" speedKmHr="0"/>
<vehicle id="1407" routeTag="M" dirTag="M____I_F00" lat="37.7494" lon="-122.45772" secsSinceReport="1" predictable="true" heading="34" speedKmHr="0"/>
<vehicle id="1456" routeTag="M" dirTag="M____I_F00" lat="37.72" lon="-122.44612" secsSinceReport="49" predictable="true" heading="218" speedKmHr="0" leadingVehicleId="1468"/>
<vehicle id="1440" routeTag="M" dirTag="M____I_F00" lat="37.71328" lon="-122.46258" secsSinceReport="27" predictable="true" heading="349" speedKmHr="11" leadingVehicleId="1448"/>
<vehicle id="1497" routeTag="M" dirTag="M____I_F00" lat="37.739" lon="-122.46784" secsSinceReport="48" predictable="true" heading="43" speedKmHr="33"/>
<vehicle id="1464" routeTag="M" dirTag="M____O_F00" lat="37.71426" lon="-122.46527" secsSinceReport="42" predictable="true" heading="89" speedKmHr="37" leadingVehicleId="1466"/>
<vehicle id="1462" routeTag="M" dirTag="M____I_F00" lat="37.7196" lon="-122.44645" secsSinceReport="20" predictable="true" heading="218" speedKmHr="0" leadingVehicleId="1465"/>
<lastTime time="1465504704664"/>
</body>
